module_name,completion_time
ObjectDetector,140.87200164794922
ObjectTracker,0.19669532775878906
ObjectDetector,136.9631290435791
ObjectTracker,0.18715858459472656
ObjectDetector,138.4572982788086
ObjectTracker,0.18072128295898438
ObjectDetector,142.3969268798828
ObjectTracker,0.186920166015625
ObjectDetector,138.56983184814453
ObjectTracker,0.17952919006347656
ObjectDetector,141.78228378295898
ObjectTracker,0.19860267639160156
ObjectDetector,143.09120178222656
ObjectTracker,0.40721893310546875
