module_name,completion_time
ObjectDetector,138.73529434204102
ObjectTracker,0.20074844360351562
ObjectDetector,144.99735832214355
ObjectTracker,0.1823902130126953
ObjectDetector,134.57512855529785
ObjectTracker,0.17690658569335938
ObjectDetector,133.5756778717041
ObjectTracker,0.1742839813232422
ObjectDetector,130.92398643493652
ObjectTracker,0.1823902130126953
ObjectDetector,140.69080352783203
ObjectTracker,0.38743019104003906
